stimuli,mos,mos_pred,model
/home/aleph/tesis/frontend/public/assets/stimuli_norm/A/A6/100.wav,1.5,3.2934787273406982,NISQA_TTS_v1
/home/aleph/tesis/frontend/public/assets/stimuli_norm/A/A6/102.wav,3.0,3.264029026031494,NISQA_TTS_v1
/home/aleph/tesis/frontend/public/assets/stimuli_norm/A/A6/104.wav,5.0,3.0667474269866943,NISQA_TTS_v1
/home/aleph/tesis/frontend/public/assets/stimuli_norm/A/A6/105.wav,3.0,2.4726476669311523,NISQA_TTS_v1
/home/aleph/tesis/frontend/public/assets/stimuli_norm/A/A6/107.wav,2.0,2.394320487976074,NISQA_TTS_v1
/home/aleph/tesis/frontend/public/assets/stimuli_norm/A/A6/108.wav,2.0,3.178231954574585,NISQA_TTS_v1
/home/aleph/tesis/frontend/public/assets/stimuli_norm/A/A6/109.wav,1.0,2.473310708999634,NISQA_TTS_v1
/home/aleph/tesis/frontend/public/assets/stimuli_norm/A/A6/110.wav,4.0,3.015746831893921,NISQA_TTS_v1
/home/aleph/tesis/frontend/public/assets/stimuli_norm/A/A6/111.wav,2.0,2.6299402713775635,NISQA_TTS_v1
/home/aleph/tesis/frontend/public/assets/stimuli_norm/A/A6/112.wav,3.0,2.65698504447937,NISQA_TTS_v1
/home/aleph/tesis/frontend/public/assets/stimuli_norm/A/A6/113.wav,3.0,3.230412244796753,NISQA_TTS_v1
/home/aleph/tesis/frontend/public/assets/stimuli_norm/A/A6/114.wav,1.0,3.0210554599761963,NISQA_TTS_v1
/home/aleph/tesis/frontend/public/assets/stimuli_norm/A/A6/115.wav,1.0,2.7406105995178223,NISQA_TTS_v1
/home/aleph/tesis/frontend/public/assets/stimuli_norm/A/A6/116.wav,1.0,2.7879369258880615,NISQA_TTS_v1
/home/aleph/tesis/frontend/public/assets/stimuli_norm/A/A6/117.wav,3.0,2.5967538356781006,NISQA_TTS_v1
/home/aleph/tesis/frontend/public/assets/stimuli_norm/A/A6/118.wav,4.0,3.3704707622528076,NISQA_TTS_v1
/home/aleph/tesis/frontend/public/assets/stimuli_norm/A/A6/119.wav,3.0,3.110504150390625,NISQA_TTS_v1
/home/aleph/tesis/frontend/public/assets/stimuli_norm/A/A6/121.wav,4.0,2.7094547748565674,NISQA_TTS_v1
/home/aleph/tesis/frontend/public/assets/stimuli_norm/A/A6/125.wav,3.5,3.024768590927124,NISQA_TTS_v1
/home/aleph/tesis/frontend/public/assets/stimuli_norm/A/A6/127.wav,1.5,2.7279298305511475,NISQA_TTS_v1
/home/aleph/tesis/frontend/public/assets/stimuli_norm/A/A6/128.wav,2.0,2.7298309803009033,NISQA_TTS_v1
/home/aleph/tesis/frontend/public/assets/stimuli_norm/A/A6/129.wav,3.5,3.0299105644226074,NISQA_TTS_v1
/home/aleph/tesis/frontend/public/assets/stimuli_norm/A/A6/134.wav,3.0,3.219520330429077,NISQA_TTS_v1
/home/aleph/tesis/frontend/public/assets/stimuli_norm/A/A6/135.wav,3.0,2.753175973892212,NISQA_TTS_v1
/home/aleph/tesis/frontend/public/assets/stimuli_norm/A/A6/136.wav,2.0,2.936338186264038,NISQA_TTS_v1
/home/aleph/tesis/frontend/public/assets/stimuli_norm/A/A6/137.wav,1.0,2.8636043071746826,NISQA_TTS_v1
/home/aleph/tesis/frontend/public/assets/stimuli_norm/A/A6/138.wav,3.0,3.0931146144866943,NISQA_TTS_v1
/home/aleph/tesis/frontend/public/assets/stimuli_norm/A/A6/139.wav,5.0,3.05188250541687,NISQA_TTS_v1
/home/aleph/tesis/frontend/public/assets/stimuli_norm/A/A6/140.wav,1.0,2.9290804862976074,NISQA_TTS_v1
/home/aleph/tesis/frontend/public/assets/stimuli_norm/A/A6/141.wav,3.0,3.020542860031128,NISQA_TTS_v1
/home/aleph/tesis/frontend/public/assets/stimuli_norm/A/A6/142.wav,2.0,2.5535128116607666,NISQA_TTS_v1
/home/aleph/tesis/frontend/public/assets/stimuli_norm/A/A6/144.wav,3.0,2.745805501937866,NISQA_TTS_v1
/home/aleph/tesis/frontend/public/assets/stimuli_norm/A/A6/145.wav,2.0,2.82639741897583,NISQA_TTS_v1
/home/aleph/tesis/frontend/public/assets/stimuli_norm/A/A6/146.wav,2.0,2.419895887374878,NISQA_TTS_v1
/home/aleph/tesis/frontend/public/assets/stimuli_norm/A/A6/147.wav,1.0,2.9288244247436523,NISQA_TTS_v1
/home/aleph/tesis/frontend/public/assets/stimuli_norm/A/A6/148.wav,2.0,3.259875535964966,NISQA_TTS_v1
/home/aleph/tesis/frontend/public/assets/stimuli_norm/A/A6/149.wav,2.0,2.252004861831665,NISQA_TTS_v1
/home/aleph/tesis/frontend/public/assets/stimuli_norm/A/A6/150.wav,1.0,2.3092329502105713,NISQA_TTS_v1
/home/aleph/tesis/frontend/public/assets/stimuli_norm/A/A6/151.wav,3.0,3.2835543155670166,NISQA_TTS_v1
/home/aleph/tesis/frontend/public/assets/stimuli_norm/A/A6/152.wav,2.0,2.9910037517547607,NISQA_TTS_v1
/home/aleph/tesis/frontend/public/assets/stimuli_norm/A/A6/153.wav,3.0,2.5632359981536865,NISQA_TTS_v1
/home/aleph/tesis/frontend/public/assets/stimuli_norm/A/A6/154.wav,3.0,3.156223773956299,NISQA_TTS_v1
/home/aleph/tesis/frontend/public/assets/stimuli_norm/A/A6/158.wav,5.0,2.8256423473358154,NISQA_TTS_v1
/home/aleph/tesis/frontend/public/assets/stimuli_norm/A/A6/159.wav,4.0,3.3878660202026367,NISQA_TTS_v1
/home/aleph/tesis/frontend/public/assets/stimuli_norm/A/A6/160.wav,1.5,3.237139940261841,NISQA_TTS_v1
/home/aleph/tesis/frontend/public/assets/stimuli_norm/A/A6/163.wav,5.0,2.3849241733551025,NISQA_TTS_v1
/home/aleph/tesis/frontend/public/assets/stimuli_norm/A/A6/164.wav,3.0,2.95302152633667,NISQA_TTS_v1
/home/aleph/tesis/frontend/public/assets/stimuli_norm/A/A6/165.wav,4.0,1.9237457513809204,NISQA_TTS_v1
/home/aleph/tesis/frontend/public/assets/stimuli_norm/A/A6/166.wav,2.5,2.781054735183716,NISQA_TTS_v1
/home/aleph/tesis/frontend/public/assets/stimuli_norm/A/A6/167.wav,2.0,2.8820505142211914,NISQA_TTS_v1
/home/aleph/tesis/frontend/public/assets/stimuli_norm/A/A6/168.wav,2.0,2.501887083053589,NISQA_TTS_v1
/home/aleph/tesis/frontend/public/assets/stimuli_norm/A/A6/169.wav,2.0,3.0734660625457764,NISQA_TTS_v1
/home/aleph/tesis/frontend/public/assets/stimuli_norm/A/A6/170.wav,5.0,3.199686050415039,NISQA_TTS_v1
/home/aleph/tesis/frontend/public/assets/stimuli_norm/A/A6/171.wav,2.0,2.805201530456543,NISQA_TTS_v1
/home/aleph/tesis/frontend/public/assets/stimuli_norm/A/A6/172.wav,3.0,3.2079975605010986,NISQA_TTS_v1
/home/aleph/tesis/frontend/public/assets/stimuli_norm/A/A6/174.wav,1.0,2.5793044567108154,NISQA_TTS_v1
/home/aleph/tesis/frontend/public/assets/stimuli_norm/A/A6/175.wav,5.0,2.71455717086792,NISQA_TTS_v1
/home/aleph/tesis/frontend/public/assets/stimuli_norm/A/A6/176.wav,2.0,2.881063222885132,NISQA_TTS_v1
/home/aleph/tesis/frontend/public/assets/stimuli_norm/A/A6/177.wav,3.0,3.032632827758789,NISQA_TTS_v1
/home/aleph/tesis/frontend/public/assets/stimuli_norm/A/A6/179.wav,4.0,2.79034686088562,NISQA_TTS_v1
/home/aleph/tesis/frontend/public/assets/stimuli_norm/A/A6/180.wav,4.0,2.984591245651245,NISQA_TTS_v1
/home/aleph/tesis/frontend/public/assets/stimuli_norm/A/A6/182.wav,3.0,2.707141637802124,NISQA_TTS_v1
/home/aleph/tesis/frontend/public/assets/stimuli_norm/A/A6/184.wav,2.0,2.6820642948150635,NISQA_TTS_v1
/home/aleph/tesis/frontend/public/assets/stimuli_norm/A/A6/186.wav,2.0,2.931882381439209,NISQA_TTS_v1
/home/aleph/tesis/frontend/public/assets/stimuli_norm/A/A6/187.wav,3.0,2.9016177654266357,NISQA_TTS_v1
/home/aleph/tesis/frontend/public/assets/stimuli_norm/A/A6/188.wav,2.0,2.9570302963256836,NISQA_TTS_v1
/home/aleph/tesis/frontend/public/assets/stimuli_norm/A/A6/190.wav,2.5,2.8789854049682617,NISQA_TTS_v1
/home/aleph/tesis/frontend/public/assets/stimuli_norm/A/A6/191.wav,2.0,3.068697690963745,NISQA_TTS_v1
/home/aleph/tesis/frontend/public/assets/stimuli_norm/A/A6/192.wav,1.0,3.4174516201019287,NISQA_TTS_v1
/home/aleph/tesis/frontend/public/assets/stimuli_norm/A/A6/194.wav,4.0,2.8470618724823,NISQA_TTS_v1
/home/aleph/tesis/frontend/public/assets/stimuli_norm/A/A6/195.wav,2.0,3.1728787422180176,NISQA_TTS_v1
/home/aleph/tesis/frontend/public/assets/stimuli_norm/A/A6/197.wav,1.0,3.392657518386841,NISQA_TTS_v1
/home/aleph/tesis/frontend/public/assets/stimuli_norm/A/A6/198.wav,4.0,3.229375123977661,NISQA_TTS_v1
/home/aleph/tesis/frontend/public/assets/stimuli_norm/A/A6/92.wav,2.0,2.991847276687622,NISQA_TTS_v1
/home/aleph/tesis/frontend/public/assets/stimuli_norm/A/A6/93.wav,4.0,3.3351452350616455,NISQA_TTS_v1
/home/aleph/tesis/frontend/public/assets/stimuli_norm/A/A6/95.wav,3.0,3.042536973953247,NISQA_TTS_v1
/home/aleph/tesis/frontend/public/assets/stimuli_norm/A/A6/96.wav,3.0,3.3476922512054443,NISQA_TTS_v1
/home/aleph/tesis/frontend/public/assets/stimuli_norm/A/A6/98.wav,3.0,3.3351452350616455,NISQA_TTS_v1
/home/aleph/tesis/frontend/public/assets/stimuli_norm/B/B9/VTLP_es-ES-ElviraNeural1.wav.wav,1.0,2.971771001815796,NISQA_TTS_v1
/home/aleph/tesis/frontend/public/assets/stimuli_norm/B/B9/VTLP_es-ES-ElviraNeural10.wav.wav,1.0,1.9360262155532837,NISQA_TTS_v1
/home/aleph/tesis/frontend/public/assets/stimuli_norm/B/B9/VTLP_es-ES-ElviraNeural11.wav.wav,1.0,1.343476414680481,NISQA_TTS_v1
/home/aleph/tesis/frontend/public/assets/stimuli_norm/B/B9/VTLP_es-ES-ElviraNeural12.wav.wav,1.0,1.9053677320480347,NISQA_TTS_v1
/home/aleph/tesis/frontend/public/assets/stimuli_norm/B/B9/VTLP_es-ES-ElviraNeural14.wav.wav,1.0,1.8909614086151123,NISQA_TTS_v1
/home/aleph/tesis/frontend/public/assets/stimuli_norm/B/B9/VTLP_es-ES-ElviraNeural15.wav.wav,1.0,2.069685459136963,NISQA_TTS_v1
/home/aleph/tesis/frontend/public/assets/stimuli_norm/B/B9/VTLP_es-ES-ElviraNeural16.wav.wav,1.0,1.5362554788589478,NISQA_TTS_v1
/home/aleph/tesis/frontend/public/assets/stimuli_norm/B/B9/VTLP_es-ES-ElviraNeural17.wav.wav,1.0,2.731881856918335,NISQA_TTS_v1
/home/aleph/tesis/frontend/public/assets/stimuli_norm/B/B9/VTLP_es-ES-ElviraNeural18.wav.wav,1.0,2.192227840423584,NISQA_TTS_v1
/home/aleph/tesis/frontend/public/assets/stimuli_norm/B/B9/VTLP_es-ES-ElviraNeural19.wav.wav,1.0,1.340268611907959,NISQA_TTS_v1
/home/aleph/tesis/frontend/public/assets/stimuli_norm/B/B9/VTLP_es-ES-ElviraNeural20.wav.wav,2.0,1.5196150541305542,NISQA_TTS_v1
/home/aleph/tesis/frontend/public/assets/stimuli_norm/B/B9/VTLP_es-ES-ElviraNeural21.wav.wav,1.0,2.136005163192749,NISQA_TTS_v1
/home/aleph/tesis/frontend/public/assets/stimuli_norm/B/B9/VTLP_es-ES-ElviraNeural22.wav.wav,2.0,2.8197271823883057,NISQA_TTS_v1
/home/aleph/tesis/frontend/public/assets/stimuli_norm/B/B9/VTLP_es-ES-ElviraNeural23.wav.wav,1.0,3.8359179496765137,NISQA_TTS_v1
/home/aleph/tesis/frontend/public/assets/stimuli_norm/B/B9/VTLP_es-ES-ElviraNeural24.wav.wav,1.0,2.1857526302337646,NISQA_TTS_v1
/home/aleph/tesis/frontend/public/assets/stimuli_norm/B/B9/VTLP_es-ES-ElviraNeural27.wav.wav,1.0,2.829728841781616,NISQA_TTS_v1
/home/aleph/tesis/frontend/public/assets/stimuli_norm/B/B9/VTLP_es-ES-ElviraNeural28.wav.wav,1.0,1.6592179536819458,NISQA_TTS_v1
/home/aleph/tesis/frontend/public/assets/stimuli_norm/B/B9/VTLP_es-ES-ElviraNeural29.wav.wav,1.0,3.0212697982788086,NISQA_TTS_v1
/home/aleph/tesis/frontend/public/assets/stimuli_norm/B/B9/VTLP_es-ES-ElviraNeural3.wav.wav,1.0,1.4026768207550049,NISQA_TTS_v1
/home/aleph/tesis/frontend/public/assets/stimuli_norm/B/B9/VTLP_es-ES-ElviraNeural30.wav.wav,1.0,4.338489055633545,NISQA_TTS_v1
/home/aleph/tesis/frontend/public/assets/stimuli_norm/B/B9/VTLP_es-ES-ElviraNeural31.wav.wav,1.0,1.5378364324569702,NISQA_TTS_v1
/home/aleph/tesis/frontend/public/assets/stimuli_norm/B/B9/VTLP_es-ES-ElviraNeural32.wav.wav,1.0,1.4759204387664795,NISQA_TTS_v1
/home/aleph/tesis/frontend/public/assets/stimuli_norm/B/B9/VTLP_es-ES-ElviraNeural33.wav.wav,1.0,1.961877703666687,NISQA_TTS_v1
/home/aleph/tesis/frontend/public/assets/stimuli_norm/B/B9/VTLP_es-ES-ElviraNeural34.wav.wav,1.0,3.422022581100464,NISQA_TTS_v1
/home/aleph/tesis/frontend/public/assets/stimuli_norm/B/B9/VTLP_es-ES-ElviraNeural35.wav.wav,1.0,1.8542377948760986,NISQA_TTS_v1
/home/aleph/tesis/frontend/public/assets/stimuli_norm/B/B9/VTLP_es-ES-ElviraNeural36.wav.wav,1.0,1.4059776067733765,NISQA_TTS_v1
/home/aleph/tesis/frontend/public/assets/stimuli_norm/B/B9/VTLP_es-ES-ElviraNeural37.wav.wav,1.0,1.5892220735549927,NISQA_TTS_v1
/home/aleph/tesis/frontend/public/assets/stimuli_norm/B/B9/VTLP_es-ES-ElviraNeural38.wav.wav,2.0,3.5366108417510986,NISQA_TTS_v1
/home/aleph/tesis/frontend/public/assets/stimuli_norm/B/B9/VTLP_es-ES-ElviraNeural39.wav.wav,1.0,2.944854259490967,NISQA_TTS_v1
/home/aleph/tesis/frontend/public/assets/stimuli_norm/B/B9/VTLP_es-ES-ElviraNeural41.wav.wav,1.0,3.2480201721191406,NISQA_TTS_v1
/home/aleph/tesis/frontend/public/assets/stimuli_norm/B/B9/VTLP_es-ES-ElviraNeural42.wav.wav,1.0,1.3054065704345703,NISQA_TTS_v1
/home/aleph/tesis/frontend/public/assets/stimuli_norm/B/B9/VTLP_es-ES-ElviraNeural43.wav.wav,1.0,1.9219880104064941,NISQA_TTS_v1
/home/aleph/tesis/frontend/public/assets/stimuli_norm/B/B9/VTLP_es-ES-ElviraNeural44.wav.wav,1.0,1.6067283153533936,NISQA_TTS_v1
/home/aleph/tesis/frontend/public/assets/stimuli_norm/B/B9/VTLP_es-ES-ElviraNeural45.wav.wav,1.0,1.575191855430603,NISQA_TTS_v1
/home/aleph/tesis/frontend/public/assets/stimuli_norm/B/B9/VTLP_es-ES-ElviraNeural47.wav.wav,1.0,1.6438539028167725,NISQA_TTS_v1
/home/aleph/tesis/frontend/public/assets/stimuli_norm/B/B9/VTLP_es-ES-ElviraNeural48.wav.wav,1.0,1.7829841375350952,NISQA_TTS_v1
/home/aleph/tesis/frontend/public/assets/stimuli_norm/B/B9/VTLP_es-ES-ElviraNeural49.wav.wav,1.0,1.4006458520889282,NISQA_TTS_v1
/home/aleph/tesis/frontend/public/assets/stimuli_norm/B/B9/VTLP_es-ES-ElviraNeural50.wav.wav,1.0,1.0559561252593994,NISQA_TTS_v1
/home/aleph/tesis/frontend/public/assets/stimuli_norm/B/B9/VTLP_es-ES-ElviraNeural53.wav.wav,1.0,1.500845193862915,NISQA_TTS_v1
/home/aleph/tesis/frontend/public/assets/stimuli_norm/B/B9/VTLP_es-ES-ElviraNeural54.wav.wav,1.0,3.0483272075653076,NISQA_TTS_v1
/home/aleph/tesis/frontend/public/assets/stimuli_norm/B/B9/VTLP_es-ES-ElviraNeural55.wav.wav,1.0,1.5261964797973633,NISQA_TTS_v1
/home/aleph/tesis/frontend/public/assets/stimuli_norm/B/B9/VTLP_es-ES-ElviraNeural56.wav.wav,1.0,2.462232828140259,NISQA_TTS_v1
/home/aleph/tesis/frontend/public/assets/stimuli_norm/B/B9/VTLP_es-ES-ElviraNeural57.wav.wav,3.0,3.3227462768554688,NISQA_TTS_v1
/home/aleph/tesis/frontend/public/assets/stimuli_norm/B/B9/VTLP_es-ES-ElviraNeural58.wav.wav,2.0,1.4885170459747314,NISQA_TTS_v1
/home/aleph/tesis/frontend/public/assets/stimuli_norm/B/B9/VTLP_es-ES-ElviraNeural59.wav.wav,1.0,2.7582876682281494,NISQA_TTS_v1
/home/aleph/tesis/frontend/public/assets/stimuli_norm/B/B9/VTLP_es-ES-ElviraNeural6.wav.wav,1.0,2.396800994873047,NISQA_TTS_v1
/home/aleph/tesis/frontend/public/assets/stimuli_norm/B/B9/VTLP_es-ES-ElviraNeural60.wav.wav,1.0,3.016118049621582,NISQA_TTS_v1
/home/aleph/tesis/frontend/public/assets/stimuli_norm/B/B9/VTLP_es-ES-ElviraNeural61.wav.wav,1.0,2.7942893505096436,NISQA_TTS_v1
/home/aleph/tesis/frontend/public/assets/stimuli_norm/B/B9/VTLP_es-ES-ElviraNeural62.wav.wav,1.0,1.7541340589523315,NISQA_TTS_v1
/home/aleph/tesis/frontend/public/assets/stimuli_norm/B/B9/VTLP_es-ES-ElviraNeural63.wav.wav,1.0,1.9350707530975342,NISQA_TTS_v1
/home/aleph/tesis/frontend/public/assets/stimuli_norm/B/B9/VTLP_es-ES-ElviraNeural64.wav.wav,1.0,1.5104261636734009,NISQA_TTS_v1
/home/aleph/tesis/frontend/public/assets/stimuli_norm/B/B9/VTLP_es-ES-ElviraNeural65.wav.wav,1.0,1.493220329284668,NISQA_TTS_v1
/home/aleph/tesis/frontend/public/assets/stimuli_norm/B/B9/VTLP_es-ES-ElviraNeural66.wav.wav,2.0,2.582732915878296,NISQA_TTS_v1
/home/aleph/tesis/frontend/public/assets/stimuli_norm/B/B9/VTLP_es-ES-ElviraNeural67.wav.wav,1.0,3.95221209526062,NISQA_TTS_v1
/home/aleph/tesis/frontend/public/assets/stimuli_norm/B/B9/VTLP_es-ES-ElviraNeural68.wav.wav,1.0,1.735212802886963,NISQA_TTS_v1
/home/aleph/tesis/frontend/public/assets/stimuli_norm/B/B9/VTLP_es-ES-ElviraNeural69.wav.wav,3.0,2.589994192123413,NISQA_TTS_v1
/home/aleph/tesis/frontend/public/assets/stimuli_norm/B/B9/VTLP_es-ES-ElviraNeural72.wav.wav,2.0,1.6617968082427979,NISQA_TTS_v1
/home/aleph/tesis/frontend/public/assets/stimuli_norm/B/B9/VTLP_es-ES-ElviraNeural73.wav.wav,1.0,2.7582314014434814,NISQA_TTS_v1
/home/aleph/tesis/frontend/public/assets/stimuli_norm/B/B9/VTLP_es-ES-ElviraNeural74.wav.wav,1.0,1.8756791353225708,NISQA_TTS_v1
/home/aleph/tesis/frontend/public/assets/stimuli_norm/B/B9/VTLP_es-ES-ElviraNeural75.wav.wav,1.0,1.5612550973892212,NISQA_TTS_v1
/home/aleph/tesis/frontend/public/assets/stimuli_norm/B/B9/VTLP_es-ES-ElviraNeural76.wav.wav,1.0,2.611687183380127,NISQA_TTS_v1
/home/aleph/tesis/frontend/public/assets/stimuli_norm/B/B9/VTLP_es-ES-ElviraNeural78.wav.wav,1.0,3.000997304916382,NISQA_TTS_v1
/home/aleph/tesis/frontend/public/assets/stimuli_norm/B/B9/VTLP_es-ES-ElviraNeural79.wav.wav,1.0,1.8486735820770264,NISQA_TTS_v1
/home/aleph/tesis/frontend/public/assets/stimuli_norm/B/B9/VTLP_es-ES-ElviraNeural80.wav.wav,1.0,1.4733339548110962,NISQA_TTS_v1
/home/aleph/tesis/frontend/public/assets/stimuli_norm/B/B9/VTLP_es-ES-ElviraNeural81.wav.wav,1.0,1.5153530836105347,NISQA_TTS_v1
/home/aleph/tesis/frontend/public/assets/stimuli_norm/B/B9/VTLP_es-ES-ElviraNeural82.wav.wav,2.0,1.8495230674743652,NISQA_TTS_v1
/home/aleph/tesis/frontend/public/assets/stimuli_norm/B/B9/VTLP_es-ES-ElviraNeural83.wav.wav,1.0,3.828369379043579,NISQA_TTS_v1
/home/aleph/tesis/frontend/public/assets/stimuli_norm/B/B9/VTLP_es-ES-ElviraNeural84.wav.wav,2.0,2.621354818344116,NISQA_TTS_v1
/home/aleph/tesis/frontend/public/assets/stimuli_norm/B/B9/VTLP_es-ES-ElviraNeural86.wav.wav,2.0,4.2669901847839355,NISQA_TTS_v1
/home/aleph/tesis/frontend/public/assets/stimuli_norm/B/B9/VTLP_es-ES-ElviraNeural88.wav.wav,2.0,1.4919688701629639,NISQA_TTS_v1
/home/aleph/tesis/frontend/public/assets/stimuli_norm/B/B9/VTLP_es-ES-ElviraNeural89.wav.wav,1.0,3.2243168354034424,NISQA_TTS_v1
/home/aleph/tesis/frontend/public/assets/stimuli_norm/B/B9/VTLP_es-ES-ElviraNeural90.wav.wav,1.0,1.5748900175094604,NISQA_TTS_v1
/home/aleph/tesis/frontend/public/assets/stimuli_norm/B/B9/VTLP_es-ES-ElviraNeural91.wav.wav,1.0,3.313270330429077,NISQA_TTS_v1
/home/aleph/tesis/frontend/public/assets/stimuli_norm/B/B9/VTLP_es-ES-ElviraNeural92.wav.wav,1.0,2.996525526046753,NISQA_TTS_v1
/home/aleph/tesis/frontend/public/assets/stimuli_norm/B/B9/VTLP_es-ES-ElviraNeural93.wav.wav,1.0,2.7354013919830322,NISQA_TTS_v1
/home/aleph/tesis/frontend/public/assets/stimuli_norm/B/B9/VTLP_es-ES-ElviraNeural94.wav.wav,1.0,2.1855309009552,NISQA_TTS_v1
/home/aleph/tesis/frontend/public/assets/stimuli_norm/B/B9/VTLP_es-ES-ElviraNeural95.wav.wav,1.0,2.258557081222534,NISQA_TTS_v1
/home/aleph/tesis/frontend/public/assets/stimuli_norm/B/B9/VTLP_es-ES-ElviraNeural98.wav.wav,1.0,2.516289472579956,NISQA_TTS_v1
/home/aleph/tesis/frontend/public/assets/stimuli_norm/B/B9/VTLP_es-ES-ElviraNeural99.wav.wav,1.0,1.6444636583328247,NISQA_TTS_v1
/home/aleph/tesis/frontend/public/assets/stimuli_norm/C/C7/conchita2.wav,2.0,3.100811243057251,NISQA_TTS_v1
/home/aleph/tesis/frontend/public/assets/stimuli_norm/C/C7/conchita2_50.wav,2.0,3.391296625137329,NISQA_TTS_v1
/home/aleph/tesis/frontend/public/assets/stimuli_norm/C/C7/conchita2_52.wav,2.0,2.9577624797821045,NISQA_TTS_v1
/home/aleph/tesis/frontend/public/assets/stimuli_norm/C/C7/conchita2_53.wav,1.0,2.7805511951446533,NISQA_TTS_v1
/home/aleph/tesis/frontend/public/assets/stimuli_norm/C/C7/conchita2_54.wav,1.0,3.576993227005005,NISQA_TTS_v1
/home/aleph/tesis/frontend/public/assets/stimuli_norm/C/C7/conchita2_55.wav,1.5,3.3802716732025146,NISQA_TTS_v1
/home/aleph/tesis/frontend/public/assets/stimuli_norm/C/C7/conchita2_56.wav,3.0,3.0041966438293457,NISQA_TTS_v1
/home/aleph/tesis/frontend/public/assets/stimuli_norm/C/C7/conchita2_57.wav,1.0,3.321054458618164,NISQA_TTS_v1
/home/aleph/tesis/frontend/public/assets/stimuli_norm/C/C7/conchita2_59.wav,1.0,2.9640724658966064,NISQA_TTS_v1
/home/aleph/tesis/frontend/public/assets/stimuli_norm/C/C7/conchita2_60.wav,2.0,3.3585879802703857,NISQA_TTS_v1
/home/aleph/tesis/frontend/public/assets/stimuli_norm/C/C7/conchita2_61.wav,2.0,3.236800193786621,NISQA_TTS_v1
/home/aleph/tesis/frontend/public/assets/stimuli_norm/C/C7/conchita2_62.wav,2.0,3.1531128883361816,NISQA_TTS_v1
/home/aleph/tesis/frontend/public/assets/stimuli_norm/C/C7/conchita2_63.wav,2.0,3.043978452682495,NISQA_TTS_v1
/home/aleph/tesis/frontend/public/assets/stimuli_norm/C/C7/conchita2_64.wav,1.5,3.955734968185425,NISQA_TTS_v1
/home/aleph/tesis/frontend/public/assets/stimuli_norm/C/C7/conchita2_65.wav,1.0,3.166990041732788,NISQA_TTS_v1
/home/aleph/tesis/frontend/public/assets/stimuli_norm/C/C7/conchita2_66.wav,4.0,3.3271822929382324,NISQA_TTS_v1
/home/aleph/tesis/frontend/public/assets/stimuli_norm/C/C7/conchita2_69.wav,2.0,3.7846181392669678,NISQA_TTS_v1
/home/aleph/tesis/frontend/public/assets/stimuli_norm/C/C7/conchita2_70.wav,2.0,3.113395929336548,NISQA_TTS_v1
/home/aleph/tesis/frontend/public/assets/stimuli_norm/C/C7/conchita2_71.wav,1.0,3.071868419647217,NISQA_TTS_v1
/home/aleph/tesis/frontend/public/assets/stimuli_norm/C/C7/conchita2_72.wav,1.0,3.0476224422454834,NISQA_TTS_v1
/home/aleph/tesis/frontend/public/assets/stimuli_norm/C/C7/conchita2_73.wav,2.0,2.7912116050720215,NISQA_TTS_v1
/home/aleph/tesis/frontend/public/assets/stimuli_norm/C/C7/conchita2_74.wav,1.0,3.4992330074310303,NISQA_TTS_v1
/home/aleph/tesis/frontend/public/assets/stimuli_norm/C/C7/conchita2_75.wav,4.0,3.59877347946167,NISQA_TTS_v1
/home/aleph/tesis/frontend/public/assets/stimuli_norm/C/C7/conchita2_76.wav,2.0,3.802720785140991,NISQA_TTS_v1
/home/aleph/tesis/frontend/public/assets/stimuli_norm/C/C7/conchita2_77.wav,2.0,3.478818893432617,NISQA_TTS_v1
/home/aleph/tesis/frontend/public/assets/stimuli_norm/C/C7/conchita2_78.wav,3.0,3.363475799560547,NISQA_TTS_v1
/home/aleph/tesis/frontend/public/assets/stimuli_norm/C/C7/conchita2_79.wav,2.0,3.485292673110962,NISQA_TTS_v1
/home/aleph/tesis/frontend/public/assets/stimuli_norm/C/C7/conchita2_80.wav,3.0,3.472170829772949,NISQA_TTS_v1
/home/aleph/tesis/frontend/public/assets/stimuli_norm/C/C7/conchita2_84.wav,4.0,3.2688913345336914,NISQA_TTS_v1
/home/aleph/tesis/frontend/public/assets/stimuli_norm/C/C7/conchita2_85.wav,2.0,2.9255926609039307,NISQA_TTS_v1
/home/aleph/tesis/frontend/public/assets/stimuli_norm/C/C7/conchita2_87.wav,1.0,3.0587894916534424,NISQA_TTS_v1
/home/aleph/tesis/frontend/public/assets/stimuli_norm/C/C7/conchita2_89.wav,2.0,3.238398790359497,NISQA_TTS_v1
/home/aleph/tesis/frontend/public/assets/stimuli_norm/C/C7/conchita2_91.wav,2.0,3.111057996749878,NISQA_TTS_v1
/home/aleph/tesis/frontend/public/assets/stimuli_norm/C/C7/conchita2_93.wav,3.0,3.166311025619507,NISQA_TTS_v1
/home/aleph/tesis/frontend/public/assets/stimuli_norm/C/C7/conchita2_94.wav,1.0,3.435875177383423,NISQA_TTS_v1
/home/aleph/tesis/frontend/public/assets/stimuli_norm/C/C7/conchita2_95.wav,2.0,3.168187379837036,NISQA_TTS_v1
/home/aleph/tesis/frontend/public/assets/stimuli_norm/C/C7/conchita2_97.wav,1.0,3.2901012897491455,NISQA_TTS_v1
/home/aleph/tesis/frontend/public/assets/stimuli_norm/C/C7/conchita2_98.wav,2.0,3.0638458728790283,NISQA_TTS_v1
/home/aleph/tesis/frontend/public/assets/stimuli_norm/C/C7/conchita2_99.wav,2.0,3.2434520721435547,NISQA_TTS_v1
/home/aleph/tesis/frontend/public/assets/stimuli_norm/C/C7/conchita_1.wav,3.0,3.945742607116699,NISQA_TTS_v1
/home/aleph/tesis/frontend/public/assets/stimuli_norm/C/C7/conchita_10.wav,2.0,3.029247999191284,NISQA_TTS_v1
/home/aleph/tesis/frontend/public/assets/stimuli_norm/C/C7/conchita_11.wav,2.0,3.440312385559082,NISQA_TTS_v1
/home/aleph/tesis/frontend/public/assets/stimuli_norm/C/C7/conchita_12.wav,1.0,2.8986780643463135,NISQA_TTS_v1
/home/aleph/tesis/frontend/public/assets/stimuli_norm/C/C7/conchita_14.wav,2.0,3.77921199798584,NISQA_TTS_v1
/home/aleph/tesis/frontend/public/assets/stimuli_norm/C/C7/conchita_15.wav,2.0,2.882042169570923,NISQA_TTS_v1
/home/aleph/tesis/frontend/public/assets/stimuli_norm/C/C7/conchita_16.wav,4.0,3.2887818813323975,NISQA_TTS_v1
/home/aleph/tesis/frontend/public/assets/stimuli_norm/C/C7/conchita_17.wav,2.0,3.619483709335327,NISQA_TTS_v1
/home/aleph/tesis/frontend/public/assets/stimuli_norm/C/C7/conchita_18.wav,1.0,3.0979068279266357,NISQA_TTS_v1
/home/aleph/tesis/frontend/public/assets/stimuli_norm/C/C7/conchita_19.wav,2.0,2.952333688735962,NISQA_TTS_v1
/home/aleph/tesis/frontend/public/assets/stimuli_norm/C/C7/conchita_2.wav,3.0,3.143627405166626,NISQA_TTS_v1
/home/aleph/tesis/frontend/public/assets/stimuli_norm/C/C7/conchita_21.wav,2.0,2.9147307872772217,NISQA_TTS_v1
/home/aleph/tesis/frontend/public/assets/stimuli_norm/C/C7/conchita_22.wav,2.0,3.9005091190338135,NISQA_TTS_v1
/home/aleph/tesis/frontend/public/assets/stimuli_norm/C/C7/conchita_24.wav,3.0,3.6274945735931396,NISQA_TTS_v1
/home/aleph/tesis/frontend/public/assets/stimuli_norm/C/C7/conchita_25.wav,1.0,2.89914870262146,NISQA_TTS_v1
/home/aleph/tesis/frontend/public/assets/stimuli_norm/C/C7/conchita_26.wav,2.0,4.180979251861572,NISQA_TTS_v1
/home/aleph/tesis/frontend/public/assets/stimuli_norm/C/C7/conchita_27.wav,1.5,3.5651166439056396,NISQA_TTS_v1
/home/aleph/tesis/frontend/public/assets/stimuli_norm/C/C7/conchita_28.wav,4.0,3.046236276626587,NISQA_TTS_v1
/home/aleph/tesis/frontend/public/assets/stimuli_norm/C/C7/conchita_29.wav,2.0,3.16396427154541,NISQA_TTS_v1
/home/aleph/tesis/frontend/public/assets/stimuli_norm/C/C7/conchita_3.wav,2.0,2.9889721870422363,NISQA_TTS_v1
/home/aleph/tesis/frontend/public/assets/stimuli_norm/C/C7/conchita_31.wav,3.0,3.2867190837860107,NISQA_TTS_v1
/home/aleph/tesis/frontend/public/assets/stimuli_norm/C/C7/conchita_32.wav,2.0,2.9088432788848877,NISQA_TTS_v1
/home/aleph/tesis/frontend/public/assets/stimuli_norm/C/C7/conchita_33.wav,4.0,3.3174068927764893,NISQA_TTS_v1
/home/aleph/tesis/frontend/public/assets/stimuli_norm/C/C7/conchita_34.wav,3.0,3.794666051864624,NISQA_TTS_v1
/home/aleph/tesis/frontend/public/assets/stimuli_norm/C/C7/conchita_35.wav,2.0,3.084916830062866,NISQA_TTS_v1
/home/aleph/tesis/frontend/public/assets/stimuli_norm/C/C7/conchita_37.wav,1.0,3.2474825382232666,NISQA_TTS_v1
/home/aleph/tesis/frontend/public/assets/stimuli_norm/C/C7/conchita_38.wav,1.0,2.8308165073394775,NISQA_TTS_v1
/home/aleph/tesis/frontend/public/assets/stimuli_norm/C/C7/conchita_39.wav,2.0,4.246090412139893,NISQA_TTS_v1
/home/aleph/tesis/frontend/public/assets/stimuli_norm/C/C7/conchita_40.wav,1.5,3.3104002475738525,NISQA_TTS_v1
/home/aleph/tesis/frontend/public/assets/stimuli_norm/C/C7/conchita_41.wav,2.0,3.4044158458709717,NISQA_TTS_v1
/home/aleph/tesis/frontend/public/assets/stimuli_norm/C/C7/conchita_42.wav,2.5,3.155819892883301,NISQA_TTS_v1
/home/aleph/tesis/frontend/public/assets/stimuli_norm/C/C7/conchita_43.wav,3.0,3.804039716720581,NISQA_TTS_v1
/home/aleph/tesis/frontend/public/assets/stimuli_norm/C/C7/conchita_44.wav,3.0,3.2046141624450684,NISQA_TTS_v1
/home/aleph/tesis/frontend/public/assets/stimuli_norm/C/C7/conchita_45.wav,2.0,4.083171367645264,NISQA_TTS_v1
/home/aleph/tesis/frontend/public/assets/stimuli_norm/C/C7/conchita_46.wav,2.5,3.6294825077056885,NISQA_TTS_v1
/home/aleph/tesis/frontend/public/assets/stimuli_norm/C/C7/conchita_49.wav,2.0,3.087178945541382,NISQA_TTS_v1
/home/aleph/tesis/frontend/public/assets/stimuli_norm/C/C7/conchita_5.wav,3.0,3.272169589996338,NISQA_TTS_v1
/home/aleph/tesis/frontend/public/assets/stimuli_norm/C/C7/conchita_6.wav,2.0,3.675057888031006,NISQA_TTS_v1
/home/aleph/tesis/frontend/public/assets/stimuli_norm/C/C7/conchita_8.wav,2.0,3.1617424488067627,NISQA_TTS_v1
/home/aleph/tesis/frontend/public/assets/stimuli_norm/C/C7/conchita_9.wav,1.0,2.9188430309295654,NISQA_TTS_v1
/home/aleph/tesis/frontend/public/assets/stimuli_norm/D/D9/priscilla_0.wav,2.0,3.25703763961792,NISQA_TTS_v1
/home/aleph/tesis/frontend/public/assets/stimuli_norm/D/D9/priscilla_1.wav,2.0,2.990924835205078,NISQA_TTS_v1
/home/aleph/tesis/frontend/public/assets/stimuli_norm/D/D9/priscilla_10.wav,3.0,3.102071523666382,NISQA_TTS_v1
/home/aleph/tesis/frontend/public/assets/stimuli_norm/D/D9/priscilla_11.wav,2.0,2.3392224311828613,NISQA_TTS_v1
/home/aleph/tesis/frontend/public/assets/stimuli_norm/D/D9/priscilla_12.wav,2.0,2.6098272800445557,NISQA_TTS_v1
/home/aleph/tesis/frontend/public/assets/stimuli_norm/D/D9/priscilla_14.wav,3.0,3.4595367908477783,NISQA_TTS_v1
/home/aleph/tesis/frontend/public/assets/stimuli_norm/D/D9/priscilla_15.wav,3.0,3.2326161861419678,NISQA_TTS_v1
/home/aleph/tesis/frontend/public/assets/stimuli_norm/D/D9/priscilla_16.wav,1.0,3.4279685020446777,NISQA_TTS_v1
/home/aleph/tesis/frontend/public/assets/stimuli_norm/D/D9/priscilla_17.wav,3.0,3.249826669692993,NISQA_TTS_v1
/home/aleph/tesis/frontend/public/assets/stimuli_norm/D/D9/priscilla_19.wav,1.0,2.692507028579712,NISQA_TTS_v1
/home/aleph/tesis/frontend/public/assets/stimuli_norm/D/D9/priscilla_2.wav,3.0,2.878120183944702,NISQA_TTS_v1
/home/aleph/tesis/frontend/public/assets/stimuli_norm/D/D9/priscilla_21.wav,3.0,2.3532350063323975,NISQA_TTS_v1
/home/aleph/tesis/frontend/public/assets/stimuli_norm/D/D9/priscilla_23.wav,4.0,3.277869939804077,NISQA_TTS_v1
/home/aleph/tesis/frontend/public/assets/stimuli_norm/D/D9/priscilla_25.wav,3.0,3.0943729877471924,NISQA_TTS_v1
/home/aleph/tesis/frontend/public/assets/stimuli_norm/D/D9/priscilla_26.wav,2.0,3.143989324569702,NISQA_TTS_v1
/home/aleph/tesis/frontend/public/assets/stimuli_norm/D/D9/priscilla_27.wav,2.5,2.6650800704956055,NISQA_TTS_v1
/home/aleph/tesis/frontend/public/assets/stimuli_norm/D/D9/priscilla_3.wav,4.0,3.2185518741607666,NISQA_TTS_v1
/home/aleph/tesis/frontend/public/assets/stimuli_norm/D/D9/priscilla_31.wav,2.0,3.0826194286346436,NISQA_TTS_v1
/home/aleph/tesis/frontend/public/assets/stimuli_norm/D/D9/priscilla_32.wav,2.0,2.7093136310577393,NISQA_TTS_v1
/home/aleph/tesis/frontend/public/assets/stimuli_norm/D/D9/priscilla_33.wav,3.0,2.388479709625244,NISQA_TTS_v1
/home/aleph/tesis/frontend/public/assets/stimuli_norm/D/D9/priscilla_34.wav,3.0,3.512483596801758,NISQA_TTS_v1
/home/aleph/tesis/frontend/public/assets/stimuli_norm/D/D9/priscilla_35.wav,2.0,2.7063028812408447,NISQA_TTS_v1
/home/aleph/tesis/frontend/public/assets/stimuli_norm/D/D9/priscilla_36.wav,1.0,2.8611526489257812,NISQA_TTS_v1
/home/aleph/tesis/frontend/public/assets/stimuli_norm/D/D9/priscilla_37.wav,3.0,2.475951910018921,NISQA_TTS_v1
/home/aleph/tesis/frontend/public/assets/stimuli_norm/D/D9/priscilla_38.wav,1.5,2.657557487487793,NISQA_TTS_v1
/home/aleph/tesis/frontend/public/assets/stimuli_norm/D/D9/priscilla_39.wav,1.0,2.9336092472076416,NISQA_TTS_v1
/home/aleph/tesis/frontend/public/assets/stimuli_norm/D/D9/priscilla_4.wav,1.0,3.0213592052459717,NISQA_TTS_v1
/home/aleph/tesis/frontend/public/assets/stimuli_norm/D/D9/priscilla_41.wav,3.0,3.8340375423431396,NISQA_TTS_v1
/home/aleph/tesis/frontend/public/assets/stimuli_norm/D/D9/priscilla_42.wav,4.0,2.7656209468841553,NISQA_TTS_v1
/home/aleph/tesis/frontend/public/assets/stimuli_norm/D/D9/priscilla_44.wav,1.0,2.465653896331787,NISQA_TTS_v1
/home/aleph/tesis/frontend/public/assets/stimuli_norm/D/D9/priscilla_45.wav,2.0,3.5766026973724365,NISQA_TTS_v1
/home/aleph/tesis/frontend/public/assets/stimuli_norm/D/D9/priscilla_46.wav,3.0,2.461135149002075,NISQA_TTS_v1
/home/aleph/tesis/frontend/public/assets/stimuli_norm/D/D9/priscilla_47.wav,1.0,2.887338399887085,NISQA_TTS_v1
/home/aleph/tesis/frontend/public/assets/stimuli_norm/D/D9/priscilla_48.wav,2.0,2.4360432624816895,NISQA_TTS_v1
/home/aleph/tesis/frontend/public/assets/stimuli_norm/D/D9/priscilla_49.wav,3.0,2.8465769290924072,NISQA_TTS_v1
/home/aleph/tesis/frontend/public/assets/stimuli_norm/D/D9/priscilla_5.wav,1.0,3.2019147872924805,NISQA_TTS_v1
/home/aleph/tesis/frontend/public/assets/stimuli_norm/D/D9/priscilla_51.wav,2.0,3.326864004135132,NISQA_TTS_v1
/home/aleph/tesis/frontend/public/assets/stimuli_norm/D/D9/priscilla_52.wav,3.0,3.4059808254241943,NISQA_TTS_v1
/home/aleph/tesis/frontend/public/assets/stimuli_norm/D/D9/priscilla_53.wav,3.0,2.9253146648406982,NISQA_TTS_v1
/home/aleph/tesis/frontend/public/assets/stimuli_norm/D/D9/priscilla_54.wav,2.0,2.843090772628784,NISQA_TTS_v1
/home/aleph/tesis/frontend/public/assets/stimuli_norm/D/D9/priscilla_55.wav,2.0,2.931609630584717,NISQA_TTS_v1
/home/aleph/tesis/frontend/public/assets/stimuli_norm/D/D9/priscilla_57.wav,4.0,2.9007179737091064,NISQA_TTS_v1
/home/aleph/tesis/frontend/public/assets/stimuli_norm/D/D9/priscilla_58.wav,3.0,2.3644182682037354,NISQA_TTS_v1
/home/aleph/tesis/frontend/public/assets/stimuli_norm/D/D9/priscilla_59.wav,2.0,3.2342724800109863,NISQA_TTS_v1
/home/aleph/tesis/frontend/public/assets/stimuli_norm/D/D9/priscilla_60.wav,3.0,2.830413579940796,NISQA_TTS_v1
/home/aleph/tesis/frontend/public/assets/stimuli_norm/D/D9/priscilla_62.wav,1.0,2.594371795654297,NISQA_TTS_v1
/home/aleph/tesis/frontend/public/assets/stimuli_norm/D/D9/priscilla_63.wav,2.0,3.0990149974823,NISQA_TTS_v1
/home/aleph/tesis/frontend/public/assets/stimuli_norm/D/D9/priscilla_64.wav,1.0,3.0623433589935303,NISQA_TTS_v1
/home/aleph/tesis/frontend/public/assets/stimuli_norm/D/D9/priscilla_65.wav,2.0,3.1526973247528076,NISQA_TTS_v1
/home/aleph/tesis/frontend/public/assets/stimuli_norm/D/D9/priscilla_67.wav,1.0,2.592841863632202,NISQA_TTS_v1
/home/aleph/tesis/frontend/public/assets/stimuli_norm/D/D9/priscilla_68.wav,2.0,3.153104543685913,NISQA_TTS_v1
/home/aleph/tesis/frontend/public/assets/stimuli_norm/D/D9/priscilla_69.wav,2.0,2.447033643722534,NISQA_TTS_v1
/home/aleph/tesis/frontend/public/assets/stimuli_norm/D/D9/priscilla_7.wav,3.0,2.8980677127838135,NISQA_TTS_v1
/home/aleph/tesis/frontend/public/assets/stimuli_norm/D/D9/priscilla_70.wav,2.0,2.2085094451904297,NISQA_TTS_v1
/home/aleph/tesis/frontend/public/assets/stimuli_norm/D/D9/priscilla_71.wav,2.0,2.685689687728882,NISQA_TTS_v1
/home/aleph/tesis/frontend/public/assets/stimuli_norm/D/D9/priscilla_72.wav,3.0,2.341312885284424,NISQA_TTS_v1
/home/aleph/tesis/frontend/public/assets/stimuli_norm/D/D9/priscilla_74.wav,2.0,3.122528553009033,NISQA_TTS_v1
/home/aleph/tesis/frontend/public/assets/stimuli_norm/D/D9/priscilla_75.wav,1.0,2.4039084911346436,NISQA_TTS_v1
/home/aleph/tesis/frontend/public/assets/stimuli_norm/D/D9/priscilla_76.wav,2.0,3.196831703186035,NISQA_TTS_v1
/home/aleph/tesis/frontend/public/assets/stimuli_norm/D/D9/priscilla_77.wav,2.0,2.2858855724334717,NISQA_TTS_v1
/home/aleph/tesis/frontend/public/assets/stimuli_norm/D/D9/priscilla_78.wav,3.0,3.0769474506378174,NISQA_TTS_v1
/home/aleph/tesis/frontend/public/assets/stimuli_norm/D/D9/priscilla_79.wav,2.0,2.8541667461395264,NISQA_TTS_v1
/home/aleph/tesis/frontend/public/assets/stimuli_norm/D/D9/priscilla_8.wav,3.0,2.0513691902160645,NISQA_TTS_v1
/home/aleph/tesis/frontend/public/assets/stimuli_norm/D/D9/priscilla_80.wav,1.0,2.9074175357818604,NISQA_TTS_v1
/home/aleph/tesis/frontend/public/assets/stimuli_norm/D/D9/priscilla_81.wav,3.0,2.3662991523742676,NISQA_TTS_v1
/home/aleph/tesis/frontend/public/assets/stimuli_norm/D/D9/priscilla_82.wav,1.0,3.4317471981048584,NISQA_TTS_v1
/home/aleph/tesis/frontend/public/assets/stimuli_norm/D/D9/priscilla_83.wav,3.0,2.929384708404541,NISQA_TTS_v1
/home/aleph/tesis/frontend/public/assets/stimuli_norm/D/D9/priscilla_85.wav,2.0,3.3625142574310303,NISQA_TTS_v1
/home/aleph/tesis/frontend/public/assets/stimuli_norm/D/D9/priscilla_86.wav,3.0,2.709007740020752,NISQA_TTS_v1
/home/aleph/tesis/frontend/public/assets/stimuli_norm/D/D9/priscilla_87.wav,4.0,3.2428643703460693,NISQA_TTS_v1
/home/aleph/tesis/frontend/public/assets/stimuli_norm/D/D9/priscilla_9.wav,2.0,3.090751886367798,NISQA_TTS_v1
/home/aleph/tesis/frontend/public/assets/stimuli_norm/E/E9/arm_09697_00001969845.wav,4.0,4.35449743270874,NISQA_TTS_v1
/home/aleph/tesis/frontend/public/assets/stimuli_norm/E/E9/arm_09697_00017988410.wav,5.0,4.681906700134277,NISQA_TTS_v1
/home/aleph/tesis/frontend/public/assets/stimuli_norm/E/E9/arm_09697_00024656527.wav,5.0,4.4346418380737305,NISQA_TTS_v1
/home/aleph/tesis/frontend/public/assets/stimuli_norm/E/E9/arm_09697_00054043655.wav,5.0,3.653031587600708,NISQA_TTS_v1
/home/aleph/tesis/frontend/public/assets/stimuli_norm/E/E9/arm_09697_00065480386.wav,5.0,3.9638168811798096,NISQA_TTS_v1
/home/aleph/tesis/frontend/public/assets/stimuli_norm/E/E9/arm_09697_00077908124.wav,5.0,4.622791290283203,NISQA_TTS_v1
/home/aleph/tesis/frontend/public/assets/stimuli_norm/E/E9/arm_09697_00120789747.wav,5.0,4.374312877655029,NISQA_TTS_v1
/home/aleph/tesis/frontend/public/assets/stimuli_norm/E/E9/arm_09697_00124067204.wav,5.0,4.520801544189453,NISQA_TTS_v1
/home/aleph/tesis/frontend/public/assets/stimuli_norm/E/E9/arm_09697_00145316499.wav,5.0,4.520565986633301,NISQA_TTS_v1
/home/aleph/tesis/frontend/public/assets/stimuli_norm/E/E9/arm_09697_00161102019.wav,5.0,4.596475601196289,NISQA_TTS_v1
/home/aleph/tesis/frontend/public/assets/stimuli_norm/E/E9/arm_09697_00167767460.wav,5.0,4.4287800788879395,NISQA_TTS_v1
/home/aleph/tesis/frontend/public/assets/stimuli_norm/E/E9/arm_09697_00177680808.wav,5.0,4.727127552032471,NISQA_TTS_v1
/home/aleph/tesis/frontend/public/assets/stimuli_norm/E/E9/arm_09697_00183763397.wav,5.0,4.004042625427246,NISQA_TTS_v1
/home/aleph/tesis/frontend/public/assets/stimuli_norm/E/E9/arm_09697_00202151804.wav,5.0,4.461742877960205,NISQA_TTS_v1
/home/aleph/tesis/frontend/public/assets/stimuli_norm/E/E9/arm_09697_00208692130.wav,5.0,3.921720504760742,NISQA_TTS_v1
/home/aleph/tesis/frontend/public/assets/stimuli_norm/E/E9/arm_09697_00210291982.wav,5.0,3.397155523300171,NISQA_TTS_v1
/home/aleph/tesis/frontend/public/assets/stimuli_norm/E/E9/arm_09697_00217121903.wav,5.0,4.213122844696045,NISQA_TTS_v1
/home/aleph/tesis/frontend/public/assets/stimuli_norm/E/E9/arm_09697_00220455202.wav,5.0,4.376713275909424,NISQA_TTS_v1
/home/aleph/tesis/frontend/public/assets/stimuli_norm/E/E9/arm_09697_00228372390.wav,5.0,4.171056270599365,NISQA_TTS_v1
/home/aleph/tesis/frontend/public/assets/stimuli_norm/E/E9/arm_09697_00231978950.wav,4.0,4.1736016273498535,NISQA_TTS_v1
/home/aleph/tesis/frontend/public/assets/stimuli_norm/E/E9/arm_09697_00250376947.wav,5.0,4.6934027671813965,NISQA_TTS_v1
/home/aleph/tesis/frontend/public/assets/stimuli_norm/E/E9/arm_09697_00305308688.wav,5.0,3.9255778789520264,NISQA_TTS_v1
/home/aleph/tesis/frontend/public/assets/stimuli_norm/E/E9/arm_09697_00368214522.wav,5.0,4.8404622077941895,NISQA_TTS_v1
/home/aleph/tesis/frontend/public/assets/stimuli_norm/E/E9/arm_09697_00376388587.wav,5.0,4.17350435256958,NISQA_TTS_v1
/home/aleph/tesis/frontend/public/assets/stimuli_norm/E/E9/arm_09697_00380216574.wav,5.0,4.369211196899414,NISQA_TTS_v1
/home/aleph/tesis/frontend/public/assets/stimuli_norm/E/E9/arm_09697_00381831126.wav,4.0,3.618051052093506,NISQA_TTS_v1
/home/aleph/tesis/frontend/public/assets/stimuli_norm/E/E9/arm_09697_00394133086.wav,5.0,4.339824199676514,NISQA_TTS_v1
/home/aleph/tesis/frontend/public/assets/stimuli_norm/E/E9/arm_09697_00455201756.wav,5.0,4.022733688354492,NISQA_TTS_v1
/home/aleph/tesis/frontend/public/assets/stimuli_norm/E/E9/arm_09697_00496701077.wav,5.0,4.3621320724487305,NISQA_TTS_v1
/home/aleph/tesis/frontend/public/assets/stimuli_norm/E/E9/arm_09697_00514518682.wav,3.0,4.471245288848877,NISQA_TTS_v1
/home/aleph/tesis/frontend/public/assets/stimuli_norm/E/E9/arm_09697_00521418859.wav,5.0,3.9812545776367188,NISQA_TTS_v1
/home/aleph/tesis/frontend/public/assets/stimuli_norm/E/E9/arm_09697_00622515303.wav,5.0,3.787687063217163,NISQA_TTS_v1
/home/aleph/tesis/frontend/public/assets/stimuli_norm/E/E9/arm_09697_00626018594.wav,5.0,4.751557350158691,NISQA_TTS_v1
/home/aleph/tesis/frontend/public/assets/stimuli_norm/E/E9/arm_09697_00642124712.wav,4.0,4.393427848815918,NISQA_TTS_v1
/home/aleph/tesis/frontend/public/assets/stimuli_norm/E/E9/arm_09697_00642718332.wav,5.0,3.942270040512085,NISQA_TTS_v1
/home/aleph/tesis/frontend/public/assets/stimuli_norm/E/E9/arm_09697_00642788349.wav,5.0,4.3705363273620605,NISQA_TTS_v1
/home/aleph/tesis/frontend/public/assets/stimuli_norm/E/E9/arm_09697_00662907668.wav,5.0,4.169084072113037,NISQA_TTS_v1
/home/aleph/tesis/frontend/public/assets/stimuli_norm/E/E9/arm_09697_00687461739.wav,5.0,4.356269359588623,NISQA_TTS_v1
/home/aleph/tesis/frontend/public/assets/stimuli_norm/E/E9/arm_09697_00706708618.wav,5.0,4.3638505935668945,NISQA_TTS_v1
/home/aleph/tesis/frontend/public/assets/stimuli_norm/E/E9/arm_09697_00710447859.wav,5.0,3.847593307495117,NISQA_TTS_v1
/home/aleph/tesis/frontend/public/assets/stimuli_norm/E/E9/arm_09697_00726798482.wav,5.0,3.9356026649475098,NISQA_TTS_v1
/home/aleph/tesis/frontend/public/assets/stimuli_norm/E/E9/arm_09697_00733910457.wav,5.0,4.487579345703125,NISQA_TTS_v1
/home/aleph/tesis/frontend/public/assets/stimuli_norm/E/E9/arm_09697_00793166111.wav,4.0,4.597203731536865,NISQA_TTS_v1
/home/aleph/tesis/frontend/public/assets/stimuli_norm/E/E9/arm_09697_00831674848.wav,5.0,4.58387565612793,NISQA_TTS_v1
/home/aleph/tesis/frontend/public/assets/stimuli_norm/E/E9/arm_09697_00857352105.wav,5.0,4.101879596710205,NISQA_TTS_v1
/home/aleph/tesis/frontend/public/assets/stimuli_norm/E/E9/arm_09697_00864485324.wav,5.0,4.486457824707031,NISQA_TTS_v1
/home/aleph/tesis/frontend/public/assets/stimuli_norm/E/E9/arm_09697_00882558697.wav,5.0,4.1621551513671875,NISQA_TTS_v1
/home/aleph/tesis/frontend/public/assets/stimuli_norm/E/E9/arm_09697_00886278778.wav,5.0,4.1463494300842285,NISQA_TTS_v1
/home/aleph/tesis/frontend/public/assets/stimuli_norm/E/E9/arm_09697_00902499724.wav,5.0,3.6983609199523926,NISQA_TTS_v1
/home/aleph/tesis/frontend/public/assets/stimuli_norm/E/E9/arm_09697_00911111033.wav,4.0,3.710026502609253,NISQA_TTS_v1
/home/aleph/tesis/frontend/public/assets/stimuli_norm/E/E9/arm_09697_00911546098.wav,4.0,4.329288005828857,NISQA_TTS_v1
/home/aleph/tesis/frontend/public/assets/stimuli_norm/E/E9/arm_09697_00955486904.wav,5.0,5.058825492858887,NISQA_TTS_v1
/home/aleph/tesis/frontend/public/assets/stimuli_norm/E/E9/arm_09697_00974913461.wav,5.0,4.599314212799072,NISQA_TTS_v1
/home/aleph/tesis/frontend/public/assets/stimuli_norm/E/E9/arm_09697_00982440690.wav,5.0,4.388720989227295,NISQA_TTS_v1
/home/aleph/tesis/frontend/public/assets/stimuli_norm/E/E9/arm_09697_01005461023.wav,5.0,4.679229736328125,NISQA_TTS_v1
/home/aleph/tesis/frontend/public/assets/stimuli_norm/E/E9/arm_09697_01060524998.wav,5.0,4.3308563232421875,NISQA_TTS_v1
/home/aleph/tesis/frontend/public/assets/stimuli_norm/E/E9/arm_09697_01061057114.wav,5.0,4.191680908203125,NISQA_TTS_v1
/home/aleph/tesis/frontend/public/assets/stimuli_norm/E/E9/arm_09697_01090117503.wav,5.0,4.5637712478637695,NISQA_TTS_v1
/home/aleph/tesis/frontend/public/assets/stimuli_norm/E/E9/arm_09697_01107195347.wav,5.0,4.452904224395752,NISQA_TTS_v1
/home/aleph/tesis/frontend/public/assets/stimuli_norm/E/E9/arm_09697_01118206541.wav,5.0,4.598849773406982,NISQA_TTS_v1
/home/aleph/tesis/frontend/public/assets/stimuli_norm/E/E9/arm_09697_01143575012.wav,4.0,4.4744462966918945,NISQA_TTS_v1
/home/aleph/tesis/frontend/public/assets/stimuli_norm/E/E9/arm_09697_01146709538.wav,5.0,4.237525463104248,NISQA_TTS_v1
/home/aleph/tesis/frontend/public/assets/stimuli_norm/E/E9/arm_09697_01151197657.wav,5.0,3.839362382888794,NISQA_TTS_v1
/home/aleph/tesis/frontend/public/assets/stimuli_norm/E/E9/arm_09697_01164115951.wav,5.0,4.318080902099609,NISQA_TTS_v1
/home/aleph/tesis/frontend/public/assets/stimuli_norm/E/E9/arm_09697_01180066901.wav,5.0,3.160907030105591,NISQA_TTS_v1
/home/aleph/tesis/frontend/public/assets/stimuli_norm/E/E9/arm_09697_01183943374.wav,5.0,4.474998950958252,NISQA_TTS_v1
/home/aleph/tesis/frontend/public/assets/stimuli_norm/E/E9/arm_09697_01201583984.wav,5.0,4.032872676849365,NISQA_TTS_v1
/home/aleph/tesis/frontend/public/assets/stimuli_norm/E/E9/arm_09697_01209129819.wav,5.0,4.037430286407471,NISQA_TTS_v1
/home/aleph/tesis/frontend/public/assets/stimuli_norm/E/E9/arm_09697_01231577713.wav,5.0,4.741915702819824,NISQA_TTS_v1
/home/aleph/tesis/frontend/public/assets/stimuli_norm/E/E9/arm_09697_01240723340.wav,5.0,4.3191819190979,NISQA_TTS_v1
/home/aleph/tesis/frontend/public/assets/stimuli_norm/E/E9/arm_09697_01300729026.wav,5.0,4.052581310272217,NISQA_TTS_v1
/home/aleph/tesis/frontend/public/assets/stimuli_norm/E/E9/arm_09697_01306802283.wav,5.0,4.492147922515869,NISQA_TTS_v1
/home/aleph/tesis/frontend/public/assets/stimuli_norm/E/E9/arm_09697_01313952231.wav,5.0,4.380265712738037,NISQA_TTS_v1
/home/aleph/tesis/frontend/public/assets/stimuli_norm/E/E9/arm_09697_01317754743.wav,5.0,4.509973526000977,NISQA_TTS_v1
/home/aleph/tesis/frontend/public/assets/stimuli_norm/E/E9/arm_09697_01327668411.wav,5.0,3.972254514694214,NISQA_TTS_v1
/home/aleph/tesis/frontend/public/assets/stimuli_norm/E/E9/arm_09697_01468177917.wav,5.0,4.264672756195068,NISQA_TTS_v1
/home/aleph/tesis/frontend/public/assets/stimuli_norm/E/E9/arm_09697_01515967379.wav,5.0,4.255105495452881,NISQA_TTS_v1
/home/aleph/tesis/frontend/public/assets/stimuli_norm/E/E9/arm_09697_01528532395.wav,4.0,4.265906810760498,NISQA_TTS_v1
/home/aleph/tesis/frontend/public/assets/stimuli_norm/E/E9/arm_09697_01529441601.wav,5.0,4.091733455657959,NISQA_TTS_v1
/home/aleph/tesis/frontend/public/assets/stimuli_norm/E/E9/arm_09697_01557731339.wav,4.0,4.470998287200928,NISQA_TTS_v1
/home/aleph/tesis/frontend/public/assets/stimuli_norm/E/E9/arm_09697_01613469103.wav,5.0,4.404592037200928,NISQA_TTS_v1
/home/aleph/tesis/frontend/public/assets/stimuli_norm/E/E9/arm_09697_01620320509.wav,5.0,4.751438140869141,NISQA_TTS_v1
/home/aleph/tesis/frontend/public/assets/stimuli_norm/E/E9/arm_09697_01658089432.wav,5.0,4.46030855178833,NISQA_TTS_v1
/home/aleph/tesis/frontend/public/assets/stimuli_norm/E/E9/arm_09697_01677141488.wav,4.0,4.5298285484313965,NISQA_TTS_v1
/home/aleph/tesis/frontend/public/assets/stimuli_norm/E/E9/arm_09697_01703464585.wav,5.0,4.110102653503418,NISQA_TTS_v1
/home/aleph/tesis/frontend/public/assets/stimuli_norm/E/E9/arm_09697_01722492203.wav,5.0,3.964113473892212,NISQA_TTS_v1
/home/aleph/tesis/frontend/public/assets/stimuli_norm/E/E9/arm_09697_01730916105.wav,5.0,4.702836990356445,NISQA_TTS_v1
/home/aleph/tesis/frontend/public/assets/stimuli_norm/E/E9/arm_09697_01761588342.wav,5.0,3.815429210662842,NISQA_TTS_v1
/home/aleph/tesis/frontend/public/assets/stimuli_norm/E/E9/arm_09697_01838144195.wav,5.0,4.680407524108887,NISQA_TTS_v1
/home/aleph/tesis/frontend/public/assets/stimuli_norm/E/E9/arm_09697_01846110677.wav,4.0,4.590200901031494,NISQA_TTS_v1
/home/aleph/tesis/frontend/public/assets/stimuli_norm/E/E9/arm_09697_01867663602.wav,5.0,4.350714683532715,NISQA_TTS_v1
/home/aleph/tesis/frontend/public/assets/stimuli_norm/E/E9/arm_09697_01907620915.wav,5.0,4.43070650100708,NISQA_TTS_v1
/home/aleph/tesis/frontend/public/assets/stimuli_norm/E/E9/arm_09697_01938242139.wav,5.0,3.6927878856658936,NISQA_TTS_v1
/home/aleph/tesis/frontend/public/assets/stimuli_norm/E/E9/arm_09697_01939384055.wav,5.0,4.271116733551025,NISQA_TTS_v1
/home/aleph/tesis/frontend/public/assets/stimuli_norm/E/E9/arm_09697_01954216590.wav,5.0,3.978550434112549,NISQA_TTS_v1
/home/aleph/tesis/frontend/public/assets/stimuli_norm/E/E9/arm_09697_01989806668.wav,5.0,4.14325475692749,NISQA_TTS_v1
/home/aleph/tesis/frontend/public/assets/stimuli_norm/E/E9/arm_09697_02055894109.wav,5.0,4.253714561462402,NISQA_TTS_v1
/home/aleph/tesis/frontend/public/assets/stimuli_norm/E/E9/arm_09697_02060725675.wav,5.0,4.492369651794434,NISQA_TTS_v1
/home/aleph/tesis/frontend/public/assets/stimuli_norm/E/E9/arm_09697_02082329754.wav,5.0,3.838538646697998,NISQA_TTS_v1
/home/aleph/tesis/frontend/public/assets/stimuli_norm/E/E9/arm_09697_02124352441.wav,5.0,4.76962947845459,NISQA_TTS_v1
/home/aleph/tesis/frontend/public/assets/stimuli_norm/E/E9/arm_09697_02134220061.wav,5.0,4.0666632652282715,NISQA_TTS_v1
